﻿{
  "nome": "LIQ",
  "institucional": [
    {
      "texto": "Nossa Motivação é ser reconhecida como a melhor alternativa para quem quer evoluir a forma de se relacionar com seus clientes.",
      "tags": [ "motivação", "motivações", "motivo", "motiva" ]
    },
    {
      "texto": "Somos uma empresa que fortalece a relação das marcas com seus consumidores. Com mais de 16 anos de experiência, trabalhamos duro para sermos a melhor alternativa para evoluir esses relacionamentos.",
      "tags": [ "definição", "definições", "define" ]
    },
    {
      "texto": "Transformar relacionamento é muito mais que uma aspiração. É o nosso negócio. Queremos ser admirados por nossa capacidade de protagonizar a transformação nos relacionamentos, porque acreditamos que relacionamentos transformam pessoas, empresas e o mundo.Nosso negócio é inovação baseada em gente e tecnologia para garantir a entrega de soluções de relacionamento com multicanalidade.Formamos um time de profissionais altamente qualificados e orientados a entender o seu negócio, viabilizando soluções completas, integradas e customizadas de BPO, Contact Center e IT.",
      "tags": [ "propósito", "propósitos" ]
    },
    {
      "texto": "CEC é o Centro de Experiêcia do Cliente.",
      "tags": [ "CEC" ]
    },
    {
      "texto": "CEC é o Centro de Experiência para que você cliente veja as inovações da empresa.",
      "tags": [ "CEC" ]
    },
    {
      "texto": "A LIQ foi fundada em 31 de Julho de 2000.",
      "tags": [ "fundada", "fundação" ]
    },
    {
      "texto": "A LIQ tem mais de 16 anos de mercado.",
      "tags": [ "quanto tempo", "fundação" ]
    },
    {
      "texto": "A LIQ tem mais de 16 anos de atuação no mercado.",
      "tags": [ "atuação", "atua" ]
    }
  ]

}