﻿[
  {
    "Chave": 1,
    "Texto": "Desculpe, ainda estou aprendendo e não consegui entender a sua solicitação. @triste.",
    "imagem": "images/gifs/chloe.gif"
  },
  {
    "Chave": 2,
    "Texto": "Falamos sobre isso mais tarde. @sorridente",
    "imagem": "images/gifs/rdlol.gif"
  },
  {
    "Chave": 3,
    "Texto": "Deixa isso para lá, vamos falar de outras coisas. @upsidedown",
    "imagem": "images/gifs/stumped.gif"
  },
  {
    "Chave": 4,
    "Texto": "Quando chegar a informação te aviso. @sunglasses",
    "imagem": "images/gifs/choofed.gif"
  }
]