﻿[
  {
    "titulo": "Anuário Brasileiro de Relacionamento com clientes 2014/2015",
    "texto": "1º Lugar no ranking de empresas de Contact Center da publicação, nos quesitos faturamento, número de PAs e funcionários.",
    "imagem": "images/content-premios11.jpg"
  },
  {
    "titulo": "20º Prêmio ABEMD 2014",
    "texto": "Case &#8220;A melhor URA Pré&#8221; &#8211; Cat. SAC.",
    "imagem": "images/content-premios4.jpg"
  },
  {
    "titulo": "Global Business Excellence Awards",
    "texto": "Outstanding Customer Service Initiative.",
    "imagem": "images/content-premios5.jpg"
  },
  {
    "titulo": "Prêmio CIC Brasil 2014",
    "texto": "Melhor Contribuição Tecnológica.",
    "imagem": "images/content-premios7.jpg"
  },
  {
    "titulo": "Frost &amp; Sullivan 2014 Technology Leadership Awards",
    "texto": "Brazilian Contact Center Outsourcing Technology Leadership Award.",
    "imagem": "images/content-premios2.jpg"
  },
  {
    "titulo": "NICE Customer Excellence Awards 2015",
    "texto": "Melhor metodologia de implementação e otimização de processos utilizando o sistema RTI.",
    "imagem": "images/content-premios3.jpg"
  },
  {
    "titulo": "11th Annual international Business Awards The International Stevies ®",
    "texto": "Melhor novo produto ou serviço do ano &#8211; Software",
    "imagem": "images/content-premios6.jpg"
  }
]